<!-- <?xml version="1.0" encoding="UTF-8"?>
<beans
	xsi:schemaLocation=" http://www.springframework.org/schema/beans http://www.springframework.org/schema/beans/spring-beans.xsd http://www.springframework.org/schema/context http://www.springframework.org/schema/context/spring-context.xsd http://www.springframework.org/schema/mvc http://www.springframework.org/schema/mvc/spring-mvc.xsd http://www.springframework.org/schema/webflow-config http://www.springframework.org/schema/webflow-config/spring-webflow-config.xsd"
	xmlns:webflow="http://www.springframework.org/schema/webflow-config"
	xmlns:mvc="http://www.springframework.org/schema/mvc" xmlns:xsi="http://www.w3.org/2001/XMLSchema-instance"
	xmlns:context="http://www.springframework.org/schema/context" xmlns="http://www.springframework.org/schema/beans">
	<context:component-scan base-package="com.shoebazaar.*" />
	<bean
		class="org.springframework.web.servlet.view.InternalResourceViewResolver">
		<property value="org.springframework.web.servlet.view.JstlView"
			name="viewClass" />
		<property name="prefix">
			<value>/WEB-INF/views/</value>
		</property>
		<property name="suffix">
			<value>.jsp</value>
		</property>
	</bean>
	<mvc:resources location="/WEB-INF/resources/" mapping="/resources/**" />
	<mvc:annotation-driven />
	<context:annotation-config />

	<bean class="org.springframework.webflow.mvc.builder.MvcViewFactoryCreator"
		id="viewFactoryCreator">
		<property name="viewResolvers">

			<list>
				<ref bean="viewResolver" />
			</list>
		</property>
	</bean>

	<bean class="org.springframework.web.servlet.view.UrlBasedViewResolver"
		id="viewResolver">
		<property value="org.springframework.web.servlet.view.JstlView"
			name="viewClass" />
		<property value="/WEB-INF/views/" name="prefix" />
		<property value=".jsp" name="suffix" />
	</bean>
</beans> -->